{"initial_reset_timestamp": 78996.565029712, "timestamps": [79001.472101182, 79001.581270854, 79002.052394609, 79002.193144636, 79002.293287341, 79002.406672137, 79002.613348924, 79002.805209682, 79002.987354256, 79003.578655684, 79003.630515129, 79006.780594187, 79011.314080571, 79017.730077335, 79026.13440544, 79036.127628135, 79043.009893839, 79047.460269665, 79053.387775503, 79064.641331609, 79072.172419995, 79077.658813081, 79084.826008441, 79092.606515036, 79099.99232825, 79107.411757881, 79112.163180867, 79120.986378769, 79128.579257234, 79135.057365374, 79142.65523043, 79150.006931683, 79155.39045547, 79167.399274937, 79175.218895232, 79182.330474817, 79191.792629005, 79198.986340702, 79208.667852223, 79217.72757388, 79226.247159232, 79233.753078978, 79240.864039574, 79251.986472569, 79260.586364502, 79272.883154379, 79314.457938747, 79323.010818967, 79334.494236162, 79346.457253495, 79355.142403444, 79430.055744445, 79448.156992381, 79522.399227579, 79530.551677114, 79541.688303099, 79557.236467854, 79568.984563126, 79591.822821196, 79671.450458333, 79750.299802291, 79828.24859163, 79850.043793816, 79862.611353835, 79945.218718279, 79996.569262873, 80081.583408146, 80120.188899621, 80200.8348652, 80285.86960777, 80339.692336081, 80428.052622483, 80481.473661215, 80567.056024073, 80617.519739062, 80658.469863393, 80744.011171012, 80831.300354966, 80841.844100717, 80916.946007662, 80983.796115981, 81070.514671057, 81158.696064441, 81247.63950277, 81312.504995053, 81358.979977605, 81448.202785797, 81504.228241948, 81594.093392532, 81685.407933019, 81776.493292909, 81867.24592078, 81904.348284399, 81943.5249778, 81993.284140244, 82016.823262152, 82053.85843206, 82077.255760858, 82169.28442196, 82205.784985313, 82235.760239622, 82266.472146105, 82293.557661311, 82388.338055957, 82415.196965575, 82505.111161275, 82558.433194863, 82579.421728868, 82645.905777221, 82695.273448023, 82766.208742869, 82793.678939591, 82828.528164544, 82869.33435003, 82910.452133849, 82962.819374562, 82998.403845379, 83044.070285208, 83089.918773334, 83110.238768377, 83141.355049123, 83188.277929306, 83220.417360438, 83255.199807915, 83304.317833692, 83327.044130956, 83352.625243505, 83432.246570676, 83456.70393274, 83500.969729199, 83538.021612472, 83560.661862431, 83595.18938715, 83621.842391106, 83644.689641606, 83715.05012238, 83767.731139143, 83792.356597009, 83815.052193993, 83834.172377595, 83858.437515632, 83905.400172017, 83940.674878543, 84008.138927231, 84033.683290077, 84076.341707391, 84101.615133114, 84148.375514646, 84170.464820569, 84223.566891392, 84248.488505668, 84269.762533961, 84292.964748322, 84315.211473472, 84350.660035652, 84386.328645145, 84426.436737743, 84448.725867973, 84475.014931597, 84498.447838525, 84520.640992856, 84548.040243378, 84620.781653029, 84641.521865403, 84663.698709351, 84688.559655433, 84727.003079042, 84757.47902098, 84785.358245548, 84883.21673424, 84930.22964373, 85021.885347076, 85078.560771992, 85100.59338329, 85137.32664807, 85171.829129839, 85233.003087833, 85290.958585296, 85315.99131476, 85370.090789412, 85425.485988504, 85519.249427736, 85573.409190324, 85613.933289559, 85662.722500443, 85685.553606391, 85709.262486501, 85798.555731837, 85842.404365653, 85895.959345665, 85915.666832383, 85999.608815876, 86043.139278584, 86080.726460418, 86156.076899311, 86182.369835741, 86219.301129661, 86261.940263532, 86283.429244834], "episode_lengths": [101, 70, 91, 93, 69, 100, 102, 86, 79, 143, 59, 76, 76, 102, 138, 153, 111, 67, 92, 178, 123, 85, 112, 118, 117, 110, 74, 132, 112, 96, 109, 107, 79, 174, 115, 101, 140, 106, 132, 133, 120, 105, 100, 157, 121, 172, 557, 115, 152, 167, 123, 1000, 246, 973, 110, 143, 206, 165, 302, 1000, 1000, 1000, 281, 173, 1000, 603, 1000, 474, 979, 1000, 643, 1000, 632, 1000, 588, 477, 1000, 1000, 126, 849, 764, 1000, 1000, 1000, 732, 518, 1000, 630, 1000, 1000, 1000, 1000, 412, 425, 548, 265, 395, 246, 1000, 404, 327, 329, 294, 1000, 295, 946, 574, 229, 699, 532, 741, 297, 370, 441, 443, 570, 384, 480, 477, 213, 339, 498, 351, 358, 514, 236, 278, 827, 242, 461, 391, 235, 373, 291, 235, 745, 546, 253, 244, 208, 255, 496, 368, 710, 269, 452, 278, 485, 230, 560, 264, 218, 244, 238, 361, 373, 419, 226, 278, 251, 233, 283, 758, 218, 234, 262, 402, 322, 303, 1000, 487, 936, 576, 232, 372, 361, 628, 592, 266, 557, 575, 950, 547, 406, 502, 237, 245, 898, 442, 545, 210, 846, 444, 385, 753, 265, 373, 432, 217],